Time,Header.seq,Header.stamp.secs,Header.stamp.nsecs,Header.frame_id,Latitude,Longitude,Altitude,UTM_easting,UTM_northing,Zone,Letter
1664213833.4686952,0,63434,0,GPS1_Frame1,42.338633333333334,-71.08857833333333,1.2,4689487.976306741,327945.4125530148,19,T
1664213834.469031,0,63435,0,GPS1_Frame1,42.338633333333334,-71.08857833333333,1.2,4689487.976306741,327945.4125530148,19,T
1664213835.4693143,0,63436,0,GPS1_Frame1,42.338633333333334,-71.08857833333333,1.0,4689487.976306741,327945.4125530148,19,T
1664213836.4869955,0,63437,0,GPS1_Frame1,42.338633333333334,-71.08857833333333,1.0,4689487.976306741,327945.4125530148,19,T
1664213837.4680576,0,63438,0,GPS1_Frame1,42.338633333333334,-71.08857833333333,1.0,4689487.976306741,327945.4125530148,19,T
1664213838.469398,0,63439,0,GPS1_Frame1,42.338633333333334,-71.08857833333333,1.0,4689487.976306741,327945.4125530148,19,T
1664213839.4874358,0,63440,0,GPS1_Frame1,42.338633333333334,-71.08857833333333,1.0,4689487.976306741,327945.4125530148,19,T
1664213840.4870403,0,63441,0,GPS1_Frame1,42.338633333333334,-71.08857833333333,1.0,4689487.976306741,327945.4125530148,19,T
1664213841.4678519,0,63442,0,GPS1_Frame1,42.338633333333334,-71.08857833333333,1.0,4689487.976306741,327945.4125530148,19,T
1664213842.467869,0,63443,0,GPS1_Frame1,42.338633333333334,-71.08857833333333,1.0,4689487.976306741,327945.4125530148,19,T
1664213843.4846847,0,63444,0,GPS1_Frame1,42.338633333333334,-71.08857833333333,1.2,4689487.976306741,327945.4125530148,19,T
1664213844.4880543,0,63445,0,GPS1_Frame1,42.338633333333334,-71.08857833333333,1.0,4689487.976306741,327945.4125530148,19,T
1664213845.4684684,0,63446,0,GPS1_Frame1,42.338633333333334,-71.08857833333333,1.2,4689487.976306741,327945.4125530148,19,T
1664213846.4876475,0,63447,0,GPS1_Frame1,42.338633333333334,-71.08857833333333,1.2,4689487.976306741,327945.4125530148,19,T
1664213847.4879167,0,63448,0,GPS1_Frame1,42.338633333333334,-71.08857833333333,1.2,4689487.976306741,327945.4125530148,19,T
1664213848.4675438,0,63449,0,GPS1_Frame1,42.338633333333334,-71.08857833333333,1.2,4689487.976306741,327945.4125530148,19,T
1664213849.4672356,0,63450,0,GPS1_Frame1,42.338633333333334,-71.08857833333333,1.2,4689487.976306741,327945.4125530148,19,T
1664213850.4692214,0,63451,0,GPS1_Frame1,42.338633333333334,-71.08857833333333,1.2,4689487.976306741,327945.4125530148,19,T
1664213851.4857018,0,63452,0,GPS1_Frame1,42.338633333333334,-71.08857833333333,1.3,4689487.976306741,327945.4125530148,19,T
1664213852.467393,0,63453,0,GPS1_Frame1,42.338633333333334,-71.08857833333333,1.3,4689487.976306741,327945.4125530148,19,T
1664213853.4669802,0,63454,0,GPS1_Frame1,42.338633333333334,-71.08857833333333,1.3,4689487.976306741,327945.4125530148,19,T
1664213854.4858577,0,63455,0,GPS1_Frame1,42.338633333333334,-71.08857833333333,1.3,4689487.976306741,327945.4125530148,19,T
1664213855.4856787,0,63456,0,GPS1_Frame1,42.338633333333334,-71.08857833333333,1.3,4689487.976306741,327945.4125530148,19,T
1664213856.467401,0,63457,0,GPS1_Frame1,42.338633333333334,-71.08857833333333,1.3,4689487.976306741,327945.4125530148,19,T
1664213857.467634,0,63458,0,GPS1_Frame1,42.338633333333334,-71.08857833333333,1.3,4689487.976306741,327945.4125530148,19,T
1664213858.4876113,0,63459,0,GPS1_Frame1,42.338633333333334,-71.08857833333333,1.3,4689487.976306741,327945.4125530148,19,T
1664213859.4882393,0,63460,0,GPS1_Frame1,42.338633333333334,-71.08857833333333,1.2,4689487.976306741,327945.4125530148,19,T
1664213860.4695706,0,63461,0,GPS1_Frame1,42.338633333333334,-71.08857833333333,1.2,4689487.976306741,327945.4125530148,19,T
1664213861.4694483,0,63462,0,GPS1_Frame1,42.338633333333334,-71.08857833333333,1.2,4689487.976306741,327945.4125530148,19,T
1664213862.4903555,0,63463,0,GPS1_Frame1,42.338633333333334,-71.08857833333333,1.2,4689487.976306741,327945.4125530148,19,T
1664213863.488043,0,63464,0,GPS1_Frame1,42.338633333333334,-71.08857833333333,1.2,4689487.976306741,327945.4125530148,19,T
1664213864.488348,0,63465,0,GPS1_Frame1,42.338633333333334,-71.08857833333333,1.2,4689487.976306741,327945.4125530148,19,T
1664213865.4678607,0,63466,0,GPS1_Frame1,42.338633333333334,-71.08858,1.2,4689487.979679219,327945.275249264,19,T
1664213866.4681492,0,63467,0,GPS1_Frame1,42.338633333333334,-71.08858,1.2,4689487.979679219,327945.275249264,19,T
1664213867.4681456,0,63468,0,GPS1_Frame1,42.338633333333334,-71.08858,1.2,4689487.979679219,327945.275249264,19,T
1664213868.470071,0,63469,0,GPS1_Frame1,42.338635,-71.08858,1.2,4689488.164749887,327945.2797950022,19,T
1664213869.4687035,0,63470,0,GPS1_Frame1,42.338635,-71.08858,1.2,4689488.164749887,327945.2797950022,19,T
1664213870.4687257,0,63471,0,GPS1_Frame1,42.338635,-71.08858,1.2,4689488.164749887,327945.2797950022,19,T
1664213871.468534,0,63472,0,GPS1_Frame1,42.33864333333333,-71.08858833333333,1.0,4689489.106965652,327944.6160050562,19,T
1664213872.4689887,0,63473,0,GPS1_Frame1,42.33864333333333,-71.08858833333333,1.0,4689489.106965652,327944.6160050562,19,T
1664213873.4665747,0,63474,0,GPS1_Frame1,42.33864833333333,-71.08859333333334,1.2,4689489.672295145,327944.21773117565,19,T
1664213874.4706306,0,63475,0,GPS1_Frame1,42.33864833333333,-71.08859333333334,1.2,4689489.672295145,327944.21773117565,19,T
1664213875.4693978,0,63476,0,GPS1_Frame1,42.33864833333333,-71.08859333333334,1.2,4689489.672295145,327944.21773117565,19,T
1664213876.4696963,0,63477,0,GPS1_Frame1,42.33864833333333,-71.088595,1.2,4689489.675667646,327944.08042746165,19,T
1664213877.4686768,0,63478,0,GPS1_Frame1,42.33864833333333,-71.088595,1.2,4689489.675667646,327944.08042746165,19,T
1664213878.468795,0,63479,0,GPS1_Frame1,42.33864833333333,-71.088595,1.3,4689489.675667646,327944.08042746165,19,T
1664213879.468179,0,63480,0,GPS1_Frame1,42.33864833333333,-71.088595,1.2,4689489.675667646,327944.08042746165,19,T
1664213880.4691713,0,63481,0,GPS1_Frame1,42.33864833333333,-71.088595,1.2,4689489.675667646,327944.08042746165,19,T
1664213881.4691494,0,63482,0,GPS1_Frame1,42.33864833333333,-71.088595,1.2,4689489.675667646,327944.08042746165,19,T
1664213882.4679315,0,63483,0,GPS1_Frame1,42.33864833333333,-71.088595,1.2,4689489.675667646,327944.08042746165,19,T
1664213883.469068,0,63484,0,GPS1_Frame1,42.33864833333333,-71.088595,1.2,4689489.675667646,327944.08042746165,19,T
1664213884.4684675,0,63485,0,GPS1_Frame1,42.33864833333333,-71.088595,1.2,4689489.675667646,327944.08042746165,19,T
1664213885.4683797,0,63486,0,GPS1_Frame1,42.33864833333333,-71.088595,1.2,4689489.675667646,327944.08042746165,19,T
1664213886.487956,0,63487,0,GPS1_Frame1,42.33864833333333,-71.088595,1.2,4689489.675667646,327944.08042746165,19,T
1664213887.4682066,0,63488,0,GPS1_Frame1,42.33864833333333,-71.088595,1.2,4689489.675667646,327944.08042746165,19,T
1664213888.4667883,0,63489,0,GPS1_Frame1,42.33864833333333,-71.088595,1.2,4689489.675667646,327944.08042746165,19,T
1664213889.4869335,0,63490,0,GPS1_Frame1,42.33864833333333,-71.088595,1.2,4689489.675667646,327944.08042746165,19,T
1664213890.487178,0,63491,0,GPS1_Frame1,42.33864833333333,-71.088595,1.2,4689489.675667646,327944.08042746165,19,T
1664213891.4684265,0,63492,0,GPS1_Frame1,42.33864833333333,-71.088595,1.2,4689489.675667646,327944.08042746165,19,T
1664213892.4696498,0,63493,0,GPS1_Frame1,42.33864833333333,-71.088595,1.2,4689489.675667646,327944.08042746165,19,T
1664213893.4679465,0,63494,0,GPS1_Frame1,42.33864833333333,-71.088595,1.2,4689489.675667646,327944.08042746165,19,T
1664213894.4864118,0,63495,0,GPS1_Frame1,42.33864833333333,-71.088595,1.2,4689489.675667646,327944.08042746165,19,T
1664213895.4883437,0,63496,0,GPS1_Frame1,42.33864833333333,-71.088595,1.2,4689489.675667646,327944.08042746165,19,T
1664213896.4871817,0,63497,0,GPS1_Frame1,42.33864833333333,-71.088595,1.2,4689489.675667646,327944.08042746165,19,T
1664213897.4869397,0,63498,0,GPS1_Frame1,42.33864833333333,-71.088595,1.2,4689489.675667646,327944.08042746165,19,T
1664213898.4687164,0,63499,0,GPS1_Frame1,42.33864833333333,-71.088595,1.2,4689489.675667646,327944.08042746165,19,T
1664213899.4677317,0,63500,0,GPS1_Frame1,42.33864833333333,-71.088595,1.2,4689489.675667646,327944.08042746165,19,T
1664213900.467337,0,63501,0,GPS1_Frame1,42.33864833333333,-71.088595,1.2,4689489.675667646,327944.08042746165,19,T
1664213901.4672785,0,63502,0,GPS1_Frame1,42.33864833333333,-71.088595,1.2,4689489.675667646,327944.08042746165,19,T
1664213902.4869242,0,63503,0,GPS1_Frame1,42.33864833333333,-71.088595,1.2,4689489.675667646,327944.08042746165,19,T
1664213903.4687364,0,63504,0,GPS1_Frame1,42.33864833333333,-71.088595,1.2,4689489.675667646,327944.08042746165,19,T
1664213904.468904,0,63505,0,GPS1_Frame1,42.33864833333333,-71.088595,1.2,4689489.675667646,327944.08042746165,19,T
1664213905.488894,0,63506,0,GPS1_Frame1,42.33864833333333,-71.088595,1.2,4689489.675667646,327944.08042746165,19,T
1664213906.4894795,0,63507,0,GPS1_Frame1,42.33864833333333,-71.088595,1.2,4689489.675667646,327944.08042746165,19,T
1664213907.4694366,0,63508,0,GPS1_Frame1,42.33864833333333,-71.088595,1.2,4689489.675667646,327944.08042746165,19,T
1664213908.4696608,0,63509,0,GPS1_Frame1,42.33864833333333,-71.088595,1.0,4689489.675667646,327944.08042746165,19,T
1664213909.4870849,0,63510,0,GPS1_Frame1,42.33864833333333,-71.088595,1.0,4689489.675667646,327944.08042746165,19,T
1664213910.4890885,0,63511,0,GPS1_Frame1,42.33864833333333,-71.088595,1.0,4689489.675667646,327944.08042746165,19,T
1664213911.46878,0,63512,0,GPS1_Frame1,42.33864666666667,-71.088595,1.0,4689489.49059698,327944.07588168967,19,T
1664213912.4692705,0,63513,0,GPS1_Frame1,42.33864666666667,-71.088595,1.0,4689489.49059698,327944.07588168967,19,T
1664213913.4874456,0,63514,0,GPS1_Frame1,42.33864666666667,-71.088595,1.0,4689489.49059698,327944.07588168967,19,T
1664213914.4875083,0,63515,0,GPS1_Frame1,42.33864666666667,-71.088595,1.0,4689489.49059698,327944.07588168967,19,T
1664213915.4874506,0,63516,0,GPS1_Frame1,42.33864666666667,-71.088595,1.0,4689489.49059698,327944.07588168967,19,T
1664213916.468469,0,63517,0,GPS1_Frame1,42.33864666666667,-71.088595,1.0,4689489.49059698,327944.07588168967,19,T
1664213917.4692805,0,63518,0,GPS1_Frame1,42.33864666666667,-71.088595,1.0,4689489.49059698,327944.07588168967,19,T
1664213918.46954,0,63519,0,GPS1_Frame1,42.33864666666667,-71.088595,1.0,4689489.49059698,327944.07588168967,19,T
1664213919.4694538,0,63520,0,GPS1_Frame1,42.33864666666667,-71.08859666666666,1.0,4689489.493969484,327943.9385779679,19,T
1664213920.4699914,0,63521,0,GPS1_Frame1,42.33864666666667,-71.08859666666666,1.0,4689489.493969484,327943.9385779679,19,T
1664213921.4692712,0,63522,0,GPS1_Frame1,42.33864666666667,-71.08859666666666,1.0,4689489.493969484,327943.9385779679,19,T
1664213922.4719012,0,63523,0,GPS1_Frame1,42.33864666666667,-71.08859666666666,1.0,4689489.493969484,327943.9385779679,19,T
1664213923.469077,0,63524,0,GPS1_Frame1,42.33864666666667,-71.08859666666666,1.0,4689489.493969484,327943.9385779679,19,T
1664213924.4695957,0,63525,0,GPS1_Frame1,42.33864666666667,-71.08859666666666,1.0,4689489.493969484,327943.9385779679,19,T
1664213925.468971,0,63526,0,GPS1_Frame1,42.33864666666667,-71.08859666666666,1.0,4689489.493969484,327943.9385779679,19,T
1664213926.4680457,0,63527,0,GPS1_Frame1,42.33864666666667,-71.08859666666666,1.0,4689489.493969484,327943.9385779679,19,T
1664213927.469536,0,63528,0,GPS1_Frame1,42.33864666666667,-71.08859666666666,1.0,4689489.493969484,327943.9385779679,19,T
1664213928.4699464,0,63529,0,GPS1_Frame1,42.33864666666667,-71.08859666666666,1.0,4689489.493969484,327943.9385779679,19,T
1664213929.4695106,0,63530,0,GPS1_Frame1,42.33864666666667,-71.08859666666666,1.0,4689489.493969484,327943.9385779679,19,T
1664213930.4693077,0,63531,0,GPS1_Frame1,42.33864666666667,-71.08859666666666,1.0,4689489.493969484,327943.9385779679,19,T
1664213931.4696038,0,63532,0,GPS1_Frame1,42.33864666666667,-71.08859666666666,1.0,4689489.493969484,327943.9385779679,19,T
1664213932.4694476,0,63533,0,GPS1_Frame1,42.33864666666667,-71.08859666666666,1.0,4689489.493969484,327943.9385779679,19,T
1664213933.4682329,0,63534,0,GPS1_Frame1,42.33864666666667,-71.08859666666666,1.0,4689489.493969484,327943.9385779679,19,T
1664213934.4852524,0,63535,0,GPS1_Frame1,42.33864666666667,-71.08859666666666,1.0,4689489.493969484,327943.9385779679,19,T
1664213935.4683042,0,63536,0,GPS1_Frame1,42.33864666666667,-71.08859666666666,1.0,4689489.493969484,327943.9385779679,19,T
1664213936.4690807,0,63537,0,GPS1_Frame1,42.33864666666667,-71.08859666666666,1.0,4689489.493969484,327943.9385779679,19,T
1664213937.4875505,0,63538,0,GPS1_Frame1,42.33864666666667,-71.08859666666666,1.0,4689489.493969484,327943.9385779679,19,T
1664213938.4691281,0,63539,0,GPS1_Frame1,42.33864666666667,-71.08859666666666,1.0,4689489.493969484,327943.9385779679,19,T
1664213939.4680352,0,63540,0,GPS1_Frame1,42.33864666666667,-71.08859666666666,1.0,4689489.493969484,327943.9385779679,19,T
1664213940.487668,0,63541,0,GPS1_Frame1,42.33864666666667,-71.08859666666666,1.0,4689489.493969484,327943.9385779679,19,T
1664213941.486309,0,63542,0,GPS1_Frame1,42.33864666666667,-71.08859666666666,1.0,4689489.493969484,327943.9385779679,19,T
1664213942.4687562,0,63543,0,GPS1_Frame1,42.33864666666667,-71.08859666666666,1.0,4689489.493969484,327943.9385779679,19,T
1664213943.469008,0,63544,0,GPS1_Frame1,42.33864666666667,-71.088595,1.0,4689489.49059698,327944.07588168967,19,T
1664213944.4867742,0,63545,0,GPS1_Frame1,42.33864666666667,-71.088595,1.0,4689489.49059698,327944.07588168967,19,T
1664213945.4683814,0,63546,0,GPS1_Frame1,42.33864666666667,-71.088595,1.0,4689489.49059698,327944.07588168967,19,T
1664213946.4883797,0,63547,0,GPS1_Frame1,42.33864666666667,-71.088595,1.0,4689489.49059698,327944.07588168967,19,T
1664213947.4872425,0,63548,0,GPS1_Frame1,42.33864666666667,-71.088595,1.0,4689489.49059698,327944.07588168967,19,T
1664213948.4883645,0,63549,0,GPS1_Frame1,42.33864666666667,-71.088595,1.0,4689489.49059698,327944.07588168967,19,T
1664213949.4690976,0,63550,0,GPS1_Frame1,42.33864666666667,-71.088595,1.0,4689489.49059698,327944.07588168967,19,T
1664213950.468997,0,63551,0,GPS1_Frame1,42.33864666666667,-71.08859333333334,1.0,4689489.487224478,327944.21318540734,19,T
1664213951.469933,0,63552,0,GPS1_Frame1,42.33864666666667,-71.08859333333334,1.0,4689489.487224478,327944.21318540734,19,T
1664213952.4894373,0,63553,0,GPS1_Frame1,42.33864666666667,-71.08859333333334,1.0,4689489.487224478,327944.21318540734,19,T
1664213953.4691439,0,63554,0,GPS1_Frame1,42.33864666666667,-71.08859333333334,1.0,4689489.487224478,327944.21318540734,19,T
1664213954.468127,0,63555,0,GPS1_Frame1,42.33864666666667,-71.08859333333334,1.0,4689489.487224478,327944.21318540734,19,T
1664213955.4683611,0,63556,0,GPS1_Frame1,42.33864666666667,-71.08859333333334,1.0,4689489.487224478,327944.21318540734,19,T
1664213956.488532,0,63557,0,GPS1_Frame1,42.33864666666667,-71.08859333333334,1.0,4689489.487224478,327944.21318540734,19,T
1664213957.4883056,0,63558,0,GPS1_Frame1,42.33864666666667,-71.08859333333334,1.0,4689489.487224478,327944.21318540734,19,T
1664213958.4696403,0,63559,0,GPS1_Frame1,42.33864666666667,-71.08859333333334,1.0,4689489.487224478,327944.21318540734,19,T
1664213959.4693458,0,63560,0,GPS1_Frame1,42.33864666666667,-71.08859333333334,1.0,4689489.487224478,327944.21318540734,19,T
1664213960.4879887,0,63561,0,GPS1_Frame1,42.33864666666667,-71.08859333333334,1.0,4689489.487224478,327944.21318540734,19,T
1664213961.488934,0,63562,0,GPS1_Frame1,42.33864666666667,-71.08859333333334,1.0,4689489.487224478,327944.21318540734,19,T
1664213962.4688122,0,63563,0,GPS1_Frame1,42.33864666666667,-71.08859333333334,1.0,4689489.487224478,327944.21318540734,19,T
1664213963.4690125,0,63564,0,GPS1_Frame1,42.33864666666667,-71.08859333333334,1.0,4689489.487224478,327944.21318540734,19,T
1664213964.4881365,0,63565,0,GPS1_Frame1,42.33864666666667,-71.08859333333334,1.0,4689489.487224478,327944.21318540734,19,T
1664213965.4889743,0,63566,0,GPS1_Frame1,42.33864666666667,-71.08859333333334,1.0,4689489.487224478,327944.21318540734,19,T
1664213966.4877245,0,63567,0,GPS1_Frame1,42.33864666666667,-71.08859333333334,1.0,4689489.487224478,327944.21318540734,19,T
1664213967.4698253,0,63568,0,GPS1_Frame1,42.33864666666667,-71.08859333333334,1.0,4689489.487224478,327944.21318540734,19,T
1664213968.4691427,0,63569,0,GPS1_Frame1,42.33864666666667,-71.08859333333334,1.0,4689489.487224478,327944.21318540734,19,T
1664213969.467395,0,63570,0,GPS1_Frame1,42.33864666666667,-71.08859333333334,1.0,4689489.487224478,327944.21318540734,19,T
1664213970.485984,0,63571,0,GPS1_Frame1,42.33864666666667,-71.08859333333334,1.0,4689489.487224478,327944.21318540734,19,T
1664213971.46654,0,63572,0,GPS1_Frame1,42.33864666666667,-71.088595,1.0,4689489.49059698,327944.07588168967,19,T
1664213972.4681191,0,63573,0,GPS1_Frame1,42.33864666666667,-71.088595,1.0,4689489.49059698,327944.07588168967,19,T
1664213973.4674299,0,63574,0,GPS1_Frame1,42.338645,-71.088595,1.0,4689489.305526311,327944.0713359179,19,T
1664213974.4687245,0,63575,0,GPS1_Frame1,42.338645,-71.088595,1.0,4689489.305526311,327944.0713359179,19,T
1664213975.4669113,0,63576,0,GPS1_Frame1,42.338645,-71.088595,1.0,4689489.305526311,327944.0713359179,19,T
1664213976.4684398,0,63577,0,GPS1_Frame1,42.338645,-71.08859666666666,1.0,4689489.308898815,327943.93403219245,19,T
1664213977.4684832,0,63578,0,GPS1_Frame1,42.338645,-71.08859666666666,1.0,4689489.308898815,327943.93403219245,19,T
1664213978.4690487,0,63579,0,GPS1_Frame1,42.338645,-71.08859666666666,1.0,4689489.308898815,327943.93403219245,19,T
1664213979.4702935,0,63580,0,GPS1_Frame1,42.338645,-71.08859666666666,1.0,4689489.308898815,327943.93403219245,19,T
1664213980.4708643,0,63581,0,GPS1_Frame1,42.338645,-71.08859666666666,1.0,4689489.308898815,327943.93403219245,19,T
1664213981.468777,0,63582,0,GPS1_Frame1,42.338645,-71.08859666666666,1.0,4689489.308898815,327943.93403219245,19,T
1664213982.4709568,0,63583,0,GPS1_Frame1,42.338645,-71.08859666666666,1.0,4689489.308898815,327943.93403219245,19,T
1664213983.4705055,0,63584,0,GPS1_Frame1,42.338645,-71.08859666666666,1.0,4689489.308898815,327943.93403219245,19,T
1664213984.4693878,0,63585,0,GPS1_Frame1,42.338645,-71.08859666666666,1.0,4689489.308898815,327943.93403219245,19,T
1664213985.4693596,0,63586,0,GPS1_Frame1,42.338645,-71.08859666666666,1.0,4689489.308898815,327943.93403219245,19,T
1664213986.4705884,0,63587,0,GPS1_Frame1,42.33864333333333,-71.08859666666666,1.0,4689489.123828148,327943.92948641715,19,T
1664213987.4867144,0,63588,0,GPS1_Frame1,42.33864333333333,-71.08859666666666,1.0,4689489.123828148,327943.92948641715,19,T
1664213988.4690952,0,63589,0,GPS1_Frame1,42.33864333333333,-71.08859666666666,1.0,4689489.123828148,327943.92948641715,19,T
1664213989.4684002,0,63590,0,GPS1_Frame1,42.33864333333333,-71.08859666666666,1.0,4689489.123828148,327943.92948641715,19,T
1664213990.4868977,0,63591,0,GPS1_Frame1,42.33864333333333,-71.08859666666666,1.0,4689489.123828148,327943.92948641715,19,T
1664213991.4878232,0,63592,0,GPS1_Frame1,42.33864333333333,-71.08859666666666,1.0,4689489.123828148,327943.92948641715,19,T
1664213992.4654894,0,63593,0,GPS1_Frame1,42.33864333333333,-71.08859666666666,1.1,4689489.123828148,327943.92948641715,19,T
1664213993.4651804,0,63594,0,GPS1_Frame1,42.33864333333333,-71.08859666666666,1.1,4689489.123828148,327943.92948641715,19,T
1664213994.4653656,0,63595,0,GPS1_Frame1,42.33864333333333,-71.088595,1.1,4689489.120455642,327944.0667901463,19,T
1664213995.4836845,0,63596,0,GPS1_Frame1,42.338633333333334,-71.08860666666666,1.1,4689488.033639222,327943.0783892713,19,T
1664213996.4844143,0,63597,0,GPS1_Frame1,42.338625,-71.08861166666667,1.1,4689487.11840346,327942.64374898927,19,T
1664213997.4648857,0,63598,0,GPS1_Frame1,42.33862,-71.088615,1.1,4689486.569936523,327942.3555040109,19,T
1664213998.4805946,0,63599,0,GPS1_Frame1,42.33861666666667,-71.08861833333333,1.2,4689486.206540263,327942.07180481445,19,T
1664213999.484809,0,63600,0,GPS1_Frame1,42.338613333333335,-71.08861833333333,1.1,4689485.836398929,327942.0627131746,19,T
1664214000.4676077,0,63601,0,GPS1_Frame1,42.33861,-71.08861666666667,1.1,4689485.462885054,327942.19092533516,19,T
1664214001.4663546,0,63602,0,GPS1_Frame1,42.338606666666664,-71.088615,1.1,4689485.089371184,327942.31913751067,19,T
1664214002.4667394,0,63603,0,GPS1_Frame1,42.338605,-71.08861333333333,1.1,4689484.900927983,327942.4518955116,19,T
1664214003.4849489,0,63604,0,GPS1_Frame1,42.33860333333333,-71.08861166666667,1.1,4689484.712484784,327942.5846535199,19,T
1664214004.4663455,0,63605,0,GPS1_Frame1,42.3386,-71.08861,1.1,4689484.338970923,327942.71286573086,19,T
1664214005.4658132,0,63606,0,GPS1_Frame1,42.3386,-71.08861,1.1,4689484.338970923,327942.71286573086,19,T
1664214006.4712255,0,63607,0,GPS1_Frame1,42.3386,-71.08861,1.0,4689484.338970923,327942.71286573086,19,T
1664214007.469211,0,63608,0,GPS1_Frame1,42.3386,-71.08861,1.0,4689484.338970923,327942.71286573086,19,T
1664214008.4885924,0,63609,0,GPS1_Frame1,42.3386,-71.08861,1.0,4689484.338970923,327942.71286573086,19,T
1664214009.4878542,0,63610,0,GPS1_Frame1,42.3386,-71.08860833333334,1.0,4689484.335598398,327942.85016955447,19,T
1664214010.4745772,0,63611,0,GPS1_Frame1,42.3386,-71.08860833333334,1.0,4689484.335598398,327942.85016955447,19,T
1664214011.4697068,0,63612,0,GPS1_Frame1,42.3386,-71.08860833333334,1.0,4689484.335598398,327942.85016955447,19,T
1664214012.4900153,0,63613,0,GPS1_Frame1,42.3386,-71.08860833333334,1.0,4689484.335598398,327942.85016955447,19,T
1664214013.4932108,0,63614,0,GPS1_Frame1,42.3386,-71.08860833333334,0.9,4689484.335598398,327942.85016955447,19,T
1664214014.4734285,0,63615,0,GPS1_Frame1,42.3386,-71.08860833333334,0.9,4689484.335598398,327942.85016955447,19,T
1664214015.4739118,0,63616,0,GPS1_Frame1,42.3386,-71.08860833333334,0.9,4689484.335598398,327942.85016955447,19,T
1664214016.472966,0,63617,0,GPS1_Frame1,42.3386,-71.08860833333334,0.9,4689484.335598398,327942.85016955447,19,T
1664214017.4930153,0,63618,0,GPS1_Frame1,42.3386,-71.08860833333334,0.9,4689484.335598398,327942.85016955447,19,T
1664214018.493678,0,63619,0,GPS1_Frame1,42.3386,-71.08860833333334,0.9,4689484.335598398,327942.85016955447,19,T
1664214019.4733226,0,63620,0,GPS1_Frame1,42.3386,-71.08860833333334,0.9,4689484.335598398,327942.85016955447,19,T
1664214020.469582,0,63621,0,GPS1_Frame1,42.3386,-71.08860833333334,1.0,4689484.335598398,327942.85016955447,19,T
1664214021.4695919,0,63622,0,GPS1_Frame1,42.3386,-71.08860833333334,1.0,4689484.335598398,327942.85016955447,19,T
1664214022.4707582,0,63623,0,GPS1_Frame1,42.3386,-71.08860833333334,1.0,4689484.335598398,327942.85016955447,19,T
1664214023.469681,0,63624,0,GPS1_Frame1,42.3386,-71.08860833333334,1.0,4689484.335598398,327942.85016955447,19,T
1664214024.470498,0,63625,0,GPS1_Frame1,42.3386,-71.08860833333334,1.0,4689484.335598398,327942.85016955447,19,T
1664214025.469468,0,63626,0,GPS1_Frame1,42.3386,-71.08860833333334,1.0,4689484.335598398,327942.85016955447,19,T
1664214026.4707804,0,63627,0,GPS1_Frame1,42.33859833333333,-71.08860833333334,1.0,4689484.150527731,327942.8456237577,19,T
1664214027.469821,0,63628,0,GPS1_Frame1,42.33859833333333,-71.08860833333334,1.0,4689484.150527731,327942.8456237577,19,T
1664214028.4696064,0,63629,0,GPS1_Frame1,42.33859833333333,-71.08860833333334,1.0,4689484.150527731,327942.8456237577,19,T
1664214029.4687934,0,63630,0,GPS1_Frame1,42.33859833333333,-71.08860833333334,1.0,4689484.150527731,327942.8456237577,19,T
1664214030.469475,0,63631,0,GPS1_Frame1,42.33859833333333,-71.08860833333334,1.0,4689484.150527731,327942.8456237577,19,T
1664214031.4677541,0,63632,0,GPS1_Frame1,42.33859833333333,-71.08860833333334,1.0,4689484.150527731,327942.8456237577,19,T
1664214032.4682376,0,63633,0,GPS1_Frame1,42.33859833333333,-71.08860833333334,1.0,4689484.150527731,327942.8456237577,19,T
1664214033.4685168,0,63634,0,GPS1_Frame1,42.33859833333333,-71.08860833333334,1.2,4689484.150527731,327942.8456237577,19,T
1664214034.4682598,0,63635,0,GPS1_Frame1,42.33859833333333,-71.08860833333334,1.2,4689484.150527731,327942.8456237577,19,T
1664214035.467875,0,63636,0,GPS1_Frame1,42.33859833333333,-71.08860833333334,1.2,4689484.150527731,327942.8456237577,19,T
1664214036.4700618,0,63637,0,GPS1_Frame1,42.33859833333333,-71.08860833333334,1.2,4689484.150527731,327942.8456237577,19,T
1664214037.4697657,0,63638,0,GPS1_Frame1,42.33859833333333,-71.08860833333334,1.2,4689484.150527731,327942.8456237577,19,T
1664214038.4880614,0,63639,0,GPS1_Frame1,42.33859833333333,-71.08860833333334,1.2,4689484.150527731,327942.8456237577,19,T
1664214039.469366,0,63640,0,GPS1_Frame1,42.33859833333333,-71.08860833333334,1.2,4689484.150527731,327942.8456237577,19,T
1664214040.469353,0,63641,0,GPS1_Frame1,42.33859833333333,-71.08860833333334,1.2,4689484.150527731,327942.8456237577,19,T
1664214041.4880238,0,63642,0,GPS1_Frame1,42.33859833333333,-71.08860666666666,1.2,4689484.147155208,327942.9829275849,19,T
1664214042.4883718,0,63643,0,GPS1_Frame1,42.33859833333333,-71.08860666666666,1.2,4689484.147155208,327942.9829275849,19,T
1664214043.470702,0,63644,0,GPS1_Frame1,42.33859833333333,-71.08860666666666,1.2,4689484.147155208,327942.9829275849,19,T
1664214044.468105,0,63645,0,GPS1_Frame1,42.33859833333333,-71.08860666666666,1.2,4689484.147155208,327942.9829275849,19,T
1664214045.4683795,0,63646,0,GPS1_Frame1,42.33859833333333,-71.08860666666666,1.2,4689484.147155208,327942.9829275849,19,T
1664214046.4860141,0,63647,0,GPS1_Frame1,42.33859833333333,-71.08860666666666,1.2,4689484.147155208,327942.9829275849,19,T
1664214047.48464,0,63648,0,GPS1_Frame1,42.33859833333333,-71.08860666666666,1.3,4689484.147155208,327942.9829275849,19,T
1664214048.4671853,0,63649,0,GPS1_Frame1,42.33859833333333,-71.08860666666666,1.3,4689484.147155208,327942.9829275849,19,T
1664214049.487324,0,63650,0,GPS1_Frame1,42.33859833333333,-71.08860666666666,1.2,4689484.147155208,327942.9829275849,19,T
1664214050.4884405,0,63651,0,GPS1_Frame1,42.33859833333333,-71.08860666666666,1.2,4689484.147155208,327942.9829275849,19,T
1664214051.4694545,0,63652,0,GPS1_Frame1,42.33859833333333,-71.08860666666666,1.2,4689484.147155208,327942.9829275849,19,T
1664214052.46978,0,63653,0,GPS1_Frame1,42.33859833333333,-71.08860666666666,1.2,4689484.147155208,327942.9829275849,19,T
1664214053.4876187,0,63654,0,GPS1_Frame1,42.33859833333333,-71.08860666666666,1.2,4689484.147155208,327942.9829275849,19,T
1664214054.4697747,0,63655,0,GPS1_Frame1,42.33859833333333,-71.08860666666666,1.2,4689484.147155208,327942.9829275849,19,T
1664214055.4687202,0,63656,0,GPS1_Frame1,42.33859833333333,-71.08860666666666,1.2,4689484.147155208,327942.9829275849,19,T
1664214056.4667103,0,63657,0,GPS1_Frame1,42.33859833333333,-71.08860666666666,1.2,4689484.147155208,327942.9829275849,19,T
1664214057.4679565,0,63658,0,GPS1_Frame1,42.33859666666667,-71.08860666666666,1.2,4689483.962084541,327942.9783817919,19,T
1664214058.4879775,0,63659,0,GPS1_Frame1,42.33859666666667,-71.08860666666666,1.2,4689483.962084541,327942.9783817919,19,T
1664214059.4865167,0,63660,0,GPS1_Frame1,42.33859666666667,-71.08860666666666,1.2,4689483.962084541,327942.9783817919,19,T
1664214060.4707832,0,63661,0,GPS1_Frame1,42.33859666666667,-71.088605,1.2,4689483.958712021,327943.1156856207,19,T
1664214061.468159,0,63662,0,GPS1_Frame1,42.33859666666667,-71.088605,1.2,4689483.958712021,327943.1156856207,19,T
1664214062.467822,0,63663,0,GPS1_Frame1,42.33859666666667,-71.088605,1.2,4689483.958712021,327943.1156856207,19,T
1664214063.48647,0,63664,0,GPS1_Frame1,42.33859666666667,-71.088605,1.2,4689483.958712021,327943.1156856207,19,T
1664214064.486991,0,63665,0,GPS1_Frame1,42.33859666666667,-71.088605,1.2,4689483.958712021,327943.1156856207,19,T
1664214065.4679253,0,63666,0,GPS1_Frame1,42.33859666666667,-71.088605,1.2,4689483.958712021,327943.1156856207,19,T
1664214066.4713604,0,63667,0,GPS1_Frame1,42.33859666666667,-71.088605,1.2,4689483.958712021,327943.1156856207,19,T
1664214067.4685612,0,63668,0,GPS1_Frame1,42.33859666666667,-71.088605,1.2,4689483.958712021,327943.1156856207,19,T
1664214068.4880364,0,63669,0,GPS1_Frame1,42.33859666666667,-71.088605,1.2,4689483.958712021,327943.1156856207,19,T
1664214069.4878316,0,63670,0,GPS1_Frame1,42.33859666666667,-71.088605,1.2,4689483.958712021,327943.1156856207,19,T
1664214070.470746,0,63671,0,GPS1_Frame1,42.33859666666667,-71.088605,1.2,4689483.958712021,327943.1156856207,19,T
1664214071.469703,0,63672,0,GPS1_Frame1,42.33859666666667,-71.088605,1.2,4689483.958712021,327943.1156856207,19,T
1664214072.4690998,0,63673,0,GPS1_Frame1,42.33859666666667,-71.088605,1.2,4689483.958712021,327943.1156856207,19,T
1664214073.4691594,0,63674,0,GPS1_Frame1,42.33859666666667,-71.088605,1.2,4689483.958712021,327943.1156856207,19,T
1664214074.469094,0,63675,0,GPS1_Frame1,42.33859666666667,-71.088605,1.2,4689483.958712021,327943.1156856207,19,T
1664214075.4693606,0,63676,0,GPS1_Frame1,42.33859666666667,-71.088605,1.2,4689483.958712021,327943.1156856207,19,T
1664214076.4680648,0,63677,0,GPS1_Frame1,42.33859666666667,-71.088605,1.2,4689483.958712021,327943.1156856207,19,T
1664214077.4677787,0,63678,0,GPS1_Frame1,42.33859666666667,-71.088605,1.2,4689483.958712021,327943.1156856207,19,T
1664214078.4688132,0,63679,0,GPS1_Frame1,42.33859666666667,-71.088605,1.2,4689483.958712021,327943.1156856207,19,T
1664214079.4684262,0,63680,0,GPS1_Frame1,42.33859666666667,-71.088605,1.2,4689483.958712021,327943.1156856207,19,T
1664214080.4674907,0,63681,0,GPS1_Frame1,42.33859666666667,-71.088605,1.2,4689483.958712021,327943.1156856207,19,T
1664214081.4668002,0,63682,0,GPS1_Frame1,42.33859666666667,-71.088605,1.2,4689483.958712021,327943.1156856207,19,T
1664214082.466113,0,63683,0,GPS1_Frame1,42.33859666666667,-71.088605,1.5,4689483.958712021,327943.1156856207,19,T
1664214083.465811,0,63684,0,GPS1_Frame1,42.33859666666667,-71.088605,1.5,4689483.958712021,327943.1156856207,19,T
1664214084.478673,0,63685,0,GPS1_Frame1,42.33859666666667,-71.088605,1.5,4689483.958712021,327943.1156856207,19,T
1664214085.464741,0,63686,0,GPS1_Frame1,42.338595,-71.088605,1.5,4689483.7736413535,327943.1111398314,19,T
1664214086.4653096,0,63687,0,GPS1_Frame1,42.338595,-71.088605,1.1,4689483.7736413535,327943.1111398314,19,T
1664214087.4662185,0,63688,0,GPS1_Frame1,42.338595,-71.088605,1.1,4689483.7736413535,327943.1111398314,19,T
1664214088.4685252,0,63689,0,GPS1_Frame1,42.338595,-71.088605,1.0,4689483.7736413535,327943.1111398314,19,T
1664214089.487259,0,63690,0,GPS1_Frame1,42.338595,-71.088605,1.0,4689483.7736413535,327943.1111398314,19,T
1664214090.46973,0,63691,0,GPS1_Frame1,42.338595,-71.088605,1.0,4689483.7736413535,327943.1111398314,19,T
1664214091.468085,0,63692,0,GPS1_Frame1,42.338595,-71.088605,1.0,4689483.7736413535,327943.1111398314,19,T
1664214092.4867215,0,63693,0,GPS1_Frame1,42.338595,-71.088605,1.0,4689483.7736413535,327943.1111398314,19,T
1664214093.4833794,0,63694,0,GPS1_Frame1,42.338595,-71.088605,1.2,4689483.7736413535,327943.1111398314,19,T
1664214094.4682164,0,63695,0,GPS1_Frame1,42.338595,-71.088605,1.0,4689483.7736413535,327943.1111398314,19,T
1664214095.4685724,0,63696,0,GPS1_Frame1,42.338595,-71.088605,1.0,4689483.7736413535,327943.1111398314,19,T
1664214096.4716284,0,63697,0,GPS1_Frame1,42.338595,-71.088605,1.0,4689483.7736413535,327943.1111398314,19,T
1664214097.48892,0,63698,0,GPS1_Frame1,42.338595,-71.088605,1.0,4689483.7736413535,327943.1111398314,19,T
1664214098.4895077,0,63699,0,GPS1_Frame1,42.338595,-71.088605,1.0,4689483.7736413535,327943.1111398314,19,T
1664214099.4892383,0,63700,0,GPS1_Frame1,42.338595,-71.088605,1.0,4689483.7736413535,327943.1111398314,19,T
1664214100.4897103,0,63701,0,GPS1_Frame1,42.338595,-71.088605,1.0,4689483.7736413535,327943.1111398314,19,T
1664214101.4694722,0,63702,0,GPS1_Frame1,42.338595,-71.088605,1.0,4689483.7736413535,327943.1111398314,19,T
1664214102.4676578,0,63703,0,GPS1_Frame1,42.338595,-71.088605,1.2,4689483.7736413535,327943.1111398314,19,T
1664214103.4697623,0,63704,0,GPS1_Frame1,42.338595,-71.088605,1.0,4689483.7736413535,327943.1111398314,19,T
1664214104.491201,0,63705,0,GPS1_Frame1,42.338595,-71.088605,1.0,4689483.7736413535,327943.1111398314,19,T
1664214105.4686897,0,63706,0,GPS1_Frame1,42.338595,-71.088605,1.0,4689483.7736413535,327943.1111398314,19,T
1664214106.4695625,0,63707,0,GPS1_Frame1,42.338595,-71.088605,1.0,4689483.7736413535,327943.1111398314,19,T
1664214107.4686737,0,63708,0,GPS1_Frame1,42.338595,-71.088605,1.0,4689483.7736413535,327943.1111398314,19,T
1664214108.4673414,0,63709,0,GPS1_Frame1,42.338595,-71.088605,1.1,4689483.7736413535,327943.1111398314,19,T
1664214109.4894445,0,63710,0,GPS1_Frame1,42.338595,-71.088605,1.0,4689483.7736413535,327943.1111398314,19,T
1664214110.4895966,0,63711,0,GPS1_Frame1,42.338595,-71.088605,1.2,4689483.7736413535,327943.1111398314,19,T
1664214111.4697695,0,63712,0,GPS1_Frame1,42.338595,-71.088605,1.2,4689483.7736413535,327943.1111398314,19,T
1664214112.4697134,0,63713,0,GPS1_Frame1,42.338595,-71.088605,1.2,4689483.7736413535,327943.1111398314,19,T
1664214113.4897451,0,63714,0,GPS1_Frame1,42.338595,-71.088605,1.2,4689483.7736413535,327943.1111398314,19,T
1664214114.470746,0,63715,0,GPS1_Frame1,42.338595,-71.088605,1.2,4689483.7736413535,327943.1111398314,19,T
1664214115.4891129,0,63716,0,GPS1_Frame1,42.338595,-71.088605,1.2,4689483.7736413535,327943.1111398314,19,T
1664214116.4697745,0,63717,0,GPS1_Frame1,42.338595,-71.088605,1.2,4689483.7736413535,327943.1111398314,19,T
1664214117.4689193,0,63718,0,GPS1_Frame1,42.338595,-71.088605,1.2,4689483.7736413535,327943.1111398314,19,T
1664214118.4690356,0,63719,0,GPS1_Frame1,42.338595,-71.088605,1.2,4689483.7736413535,327943.1111398314,19,T
1664214119.4896197,0,63720,0,GPS1_Frame1,42.338595,-71.088605,1.2,4689483.7736413535,327943.1111398314,19,T
1664214120.4877021,0,63721,0,GPS1_Frame1,42.338595,-71.088605,1.2,4689483.7736413535,327943.1111398314,19,T
1664214121.4682517,0,63722,0,GPS1_Frame1,42.338595,-71.088605,1.0,4689483.7736413535,327943.1111398314,19,T
1664214122.4670992,0,63723,0,GPS1_Frame1,42.338595,-71.088605,1.1,4689483.7736413535,327943.1111398314,19,T
1664214123.4676952,0,63724,0,GPS1_Frame1,42.338595,-71.088605,1.1,4689483.7736413535,327943.1111398314,19,T
1664214124.469158,0,63725,0,GPS1_Frame1,42.338595,-71.088605,1.0,4689483.7736413535,327943.1111398314,19,T
1664214125.4696426,0,63726,0,GPS1_Frame1,42.338595,-71.088605,1.0,4689483.7736413535,327943.1111398314,19,T
1664214126.4693162,0,63727,0,GPS1_Frame1,42.338595,-71.088605,1.0,4689483.7736413535,327943.1111398314,19,T
1664214127.469633,0,63728,0,GPS1_Frame1,42.338595,-71.088605,1.0,4689483.7736413535,327943.1111398314,19,T
1664214128.468895,0,63729,0,GPS1_Frame1,42.338595,-71.08860333333334,1.0,4689483.770268837,327943.2484436638,19,T
1664214129.469282,0,63730,0,GPS1_Frame1,42.338595,-71.08860333333334,1.0,4689483.770268837,327943.2484436638,19,T
1664214130.4684465,0,63731,0,GPS1_Frame1,42.338595,-71.08860333333334,1.0,4689483.770268837,327943.2484436638,19,T
1664214131.4701364,0,63732,0,GPS1_Frame1,42.338595,-71.08860333333334,1.0,4689483.770268837,327943.2484436638,19,T
1664214132.471195,0,63733,0,GPS1_Frame1,42.338595,-71.08860333333334,1.0,4689483.770268837,327943.2484436638,19,T
1664214133.4680285,0,63734,0,GPS1_Frame1,42.338595,-71.08860333333334,1.0,4689483.770268837,327943.2484436638,19,T
1664214134.468455,0,63735,0,GPS1_Frame1,42.338595,-71.08860333333334,1.0,4689483.770268837,327943.2484436638,19,T
1664214135.46612,0,63736,0,GPS1_Frame1,42.338595,-71.08860333333334,1.1,4689483.770268837,327943.2484436638,19,T
1664214136.4645512,0,63737,0,GPS1_Frame1,42.338595,-71.08860333333334,1.1,4689483.770268837,327943.2484436638,19,T
1664214137.4659028,0,63738,0,GPS1_Frame1,42.338595,-71.08860333333334,1.1,4689483.770268837,327943.2484436638,19,T
1664214138.4669948,0,63739,0,GPS1_Frame1,42.338595,-71.08860333333334,1.1,4689483.770268837,327943.2484436638,19,T
1664214139.4662642,0,63740,0,GPS1_Frame1,42.338595,-71.08860333333334,1.1,4689483.770268837,327943.2484436638,19,T
1664214140.4880204,0,63741,0,GPS1_Frame1,42.338595,-71.08860333333334,1.0,4689483.770268837,327943.2484436638,19,T
1664214141.4695857,0,63742,0,GPS1_Frame1,42.338595,-71.08860333333334,1.0,4689483.770268837,327943.2484436638,19,T
1664214142.4706583,0,63743,0,GPS1_Frame1,42.338595,-71.08860333333334,1.0,4689483.770268837,327943.2484436638,19,T
1664214143.48813,0,63744,0,GPS1_Frame1,42.338593333333336,-71.08860333333334,1.0,4689483.5851981705,327943.2438978784,19,T
1664214144.489635,0,63745,0,GPS1_Frame1,42.338593333333336,-71.08860333333334,1.0,4689483.5851981705,327943.2438978784,19,T
1664214145.4694593,0,63746,0,GPS1_Frame1,42.338593333333336,-71.08860333333334,1.0,4689483.5851981705,327943.2438978784,19,T
1664214146.4714625,0,63747,0,GPS1_Frame1,42.338593333333336,-71.08860333333334,1.0,4689483.5851981705,327943.2438978784,19,T
1664214147.4886777,0,63748,0,GPS1_Frame1,42.338593333333336,-71.08860333333334,1.0,4689483.5851981705,327943.2438978784,19,T
1664214148.4689941,0,63749,0,GPS1_Frame1,42.338593333333336,-71.08860333333334,1.0,4689483.5851981705,327943.2438978784,19,T
1664214149.4877453,0,63750,0,GPS1_Frame1,42.338593333333336,-71.08860333333334,1.0,4689483.5851981705,327943.2438978784,19,T
1664214150.4895802,0,63751,0,GPS1_Frame1,42.338593333333336,-71.08860333333334,1.0,4689483.5851981705,327943.2438978784,19,T
1664214151.4895875,0,63752,0,GPS1_Frame1,42.338593333333336,-71.08860333333334,1.0,4689483.5851981705,327943.2438978784,19,T
1664214152.469237,0,63753,0,GPS1_Frame1,42.338593333333336,-71.08860333333334,1.0,4689483.5851981705,327943.2438978784,19,T
1664214153.4695468,0,63754,0,GPS1_Frame1,42.338593333333336,-71.08860333333334,1.0,4689483.5851981705,327943.2438978784,19,T
1664214154.4880552,0,63755,0,GPS1_Frame1,42.338593333333336,-71.08860333333334,1.0,4689483.5851981705,327943.2438978784,19,T
1664214155.4699683,0,63756,0,GPS1_Frame1,42.338593333333336,-71.08860333333334,1.0,4689483.5851981705,327943.2438978784,19,T
1664214156.4716368,0,63757,0,GPS1_Frame1,42.338593333333336,-71.08860333333334,1.0,4689483.5851981705,327943.2438978784,19,T
1664214157.4691389,0,63758,0,GPS1_Frame1,42.338593333333336,-71.08860333333334,1.0,4689483.5851981705,327943.2438978784,19,T
1664214158.4705467,0,63759,0,GPS1_Frame1,42.338593333333336,-71.08860333333334,1.0,4689483.5851981705,327943.2438978784,19,T
1664214159.490079,0,63760,0,GPS1_Frame1,42.338593333333336,-71.08860333333334,1.0,4689483.5851981705,327943.2438978784,19,T
1664214160.490078,0,63761,0,GPS1_Frame1,42.338593333333336,-71.08860333333334,1.0,4689483.5851981705,327943.2438978784,19,T
1664214161.4702387,0,63762,0,GPS1_Frame1,42.338593333333336,-71.08860333333334,1.0,4689483.5851981705,327943.2438978784,19,T
1664214162.4723072,0,63763,0,GPS1_Frame1,42.338593333333336,-71.08860333333334,1.1,4689483.5851981705,327943.2438978784,19,T
1664214163.4683013,0,63764,0,GPS1_Frame1,42.338593333333336,-71.08860333333334,1.1,4689483.5851981705,327943.2438978784,19,T
1664214164.487578,0,63765,0,GPS1_Frame1,42.338593333333336,-71.08860333333334,1.0,4689483.5851981705,327943.2438978784,19,T
1664214165.4872313,0,63766,0,GPS1_Frame1,42.338593333333336,-71.08860333333334,1.0,4689483.5851981705,327943.2438978784,19,T
1664214166.4681783,0,63767,0,GPS1_Frame1,42.338593333333336,-71.08860333333334,1.0,4689483.5851981705,327943.2438978784,19,T
1664214167.4695392,0,63768,0,GPS1_Frame1,42.338593333333336,-71.08860333333334,1.0,4689483.5851981705,327943.2438978784,19,T
1664214168.4685533,0,63769,0,GPS1_Frame1,42.338593333333336,-71.08860333333334,1.0,4689483.5851981705,327943.2438978784,19,T
1664214169.4674141,0,63770,0,GPS1_Frame1,42.338593333333336,-71.08860333333334,1.0,4689483.5851981705,327943.2438978784,19,T
1664214170.4883404,0,63771,0,GPS1_Frame1,42.338593333333336,-71.08860333333334,1.0,4689483.5851981705,327943.2438978784,19,T
1664214171.4877458,0,63772,0,GPS1_Frame1,42.338593333333336,-71.08860333333334,1.0,4689483.5851981705,327943.2438978784,19,T
1664214172.4691722,0,63773,0,GPS1_Frame1,42.338593333333336,-71.08860333333334,1.0,4689483.5851981705,327943.2438978784,19,T
1664214173.468486,0,63774,0,GPS1_Frame1,42.338593333333336,-71.08860333333334,1.0,4689483.5851981705,327943.2438978784,19,T
1664214174.4697378,0,63775,0,GPS1_Frame1,42.338593333333336,-71.08860333333334,1.0,4689483.5851981705,327943.2438978784,19,T
1664214175.4680526,0,63776,0,GPS1_Frame1,42.338593333333336,-71.08860333333334,1.0,4689483.5851981705,327943.2438978784,19,T
1664214176.4696076,0,63777,0,GPS1_Frame1,42.338593333333336,-71.08860333333334,1.0,4689483.5851981705,327943.2438978784,19,T
1664214177.4695907,0,63778,0,GPS1_Frame1,42.338593333333336,-71.08860333333334,1.0,4689483.5851981705,327943.2438978784,19,T
1664214178.4689422,0,63779,0,GPS1_Frame1,42.338593333333336,-71.08860333333334,1.0,4689483.5851981705,327943.2438978784,19,T
1664214179.4652429,0,63780,0,GPS1_Frame1,42.338593333333336,-71.08860333333334,1.0,4689483.5851981705,327943.2438978784,19,T
1664214180.465832,0,63781,0,GPS1_Frame1,42.338593333333336,-71.08860333333334,1.0,4689483.5851981705,327943.2438978784,19,T
1664214181.464693,0,63782,0,GPS1_Frame1,42.338593333333336,-71.08860333333334,1.0,4689483.5851981705,327943.2438978784,19,T
1664214182.4675715,0,63783,0,GPS1_Frame1,42.338593333333336,-71.088605,1.0,4689483.588570688,327943.1065940424,19,T
1664214183.4688652,0,63784,0,GPS1_Frame1,42.338593333333336,-71.088605,1.0,4689483.588570688,327943.1065940424,19,T
1664214184.4678814,0,63785,0,GPS1_Frame1,42.338593333333336,-71.088605,1.0,4689483.588570688,327943.1065940424,19,T
1664214185.468469,0,63786,0,GPS1_Frame1,42.338593333333336,-71.088605,1.0,4689483.588570688,327943.1065940424,19,T
1664214186.4695551,0,63787,0,GPS1_Frame1,42.338593333333336,-71.088605,1.0,4689483.588570688,327943.1065940424,19,T
1664214187.469413,0,63788,0,GPS1_Frame1,42.338593333333336,-71.088605,1.0,4689483.588570688,327943.1065940424,19,T
1664214188.4687235,0,63789,0,GPS1_Frame1,42.338593333333336,-71.088605,1.0,4689483.588570688,327943.1065940424,19,T
1664214189.4692805,0,63790,0,GPS1_Frame1,42.338593333333336,-71.088605,1.0,4689483.588570688,327943.1065940424,19,T
1664214190.4687312,0,63791,0,GPS1_Frame1,42.338593333333336,-71.088605,1.0,4689483.588570688,327943.1065940424,19,T
1664214191.4868546,0,63792,0,GPS1_Frame1,42.338593333333336,-71.088605,1.0,4689483.588570688,327943.1065940424,19,T
1664214192.4699187,0,63793,0,GPS1_Frame1,42.338593333333336,-71.088605,1.0,4689483.588570688,327943.1065940424,19,T
1664214193.4862328,0,63794,0,GPS1_Frame1,42.338593333333336,-71.088605,1.0,4689483.588570688,327943.1065940424,19,T
1664214194.487419,0,63795,0,GPS1_Frame1,42.338593333333336,-71.088605,1.0,4689483.588570688,327943.1065940424,19,T
1664214195.4703197,0,63796,0,GPS1_Frame1,42.338593333333336,-71.088605,1.0,4689483.588570688,327943.1065940424,19,T
1664214196.4684987,0,63797,0,GPS1_Frame1,42.338593333333336,-71.088605,1.0,4689483.588570688,327943.1065940424,19,T
1664214197.4851608,0,63798,0,GPS1_Frame1,42.338593333333336,-71.088605,1.1,4689483.588570688,327943.1065940424,19,T
1664214198.4689777,0,63799,0,GPS1_Frame1,42.338593333333336,-71.088605,1.0,4689483.588570688,327943.1065940424,19,T
1664214199.486991,0,63800,0,GPS1_Frame1,42.338593333333336,-71.088605,1.0,4689483.588570688,327943.1065940424,19,T
1664214200.487424,0,63801,0,GPS1_Frame1,42.338593333333336,-71.088605,1.0,4689483.588570688,327943.1065940424,19,T
1664214201.4873152,0,63802,0,GPS1_Frame1,42.338593333333336,-71.088605,1.0,4689483.588570688,327943.1065940424,19,T
1664214202.4692717,0,63803,0,GPS1_Frame1,42.338593333333336,-71.088605,1.0,4689483.588570688,327943.1065940424,19,T
1664214203.4690707,0,63804,0,GPS1_Frame1,42.338593333333336,-71.088605,1.0,4689483.588570688,327943.1065940424,19,T
1664214204.4673057,0,63805,0,GPS1_Frame1,42.338593333333336,-71.088605,1.0,4689483.588570688,327943.1065940424,19,T
1664214205.4862466,0,63806,0,GPS1_Frame1,42.338593333333336,-71.08860666666666,1.0,4689483.591943207,327942.96929020644,19,T
1664214206.468814,0,63807,0,GPS1_Frame1,42.338593333333336,-71.08860666666666,1.0,4689483.591943207,327942.96929020644,19,T
1664214207.4683812,0,63808,0,GPS1_Frame1,42.338593333333336,-71.08860666666666,1.0,4689483.591943207,327942.96929020644,19,T
1664214208.467933,0,63809,0,GPS1_Frame1,42.338593333333336,-71.08860666666666,1.0,4689483.591943207,327942.96929020644,19,T
1664214209.4662268,0,63810,0,GPS1_Frame1,42.338593333333336,-71.08860666666666,1.0,4689483.591943207,327942.96929020644,19,T
1664214210.4867513,0,63811,0,GPS1_Frame1,42.338593333333336,-71.08860666666666,1.0,4689483.591943207,327942.96929020644,19,T
1664214211.4863682,0,63812,0,GPS1_Frame1,42.338593333333336,-71.08860666666666,1.0,4689483.591943207,327942.96929020644,19,T
1664214212.4680908,0,63813,0,GPS1_Frame1,42.338593333333336,-71.08860666666666,1.0,4689483.591943207,327942.96929020644,19,T
1664214213.4685223,0,63814,0,GPS1_Frame1,42.338593333333336,-71.08860666666666,1.1,4689483.591943207,327942.96929020644,19,T
1664214214.4858444,0,63815,0,GPS1_Frame1,42.338593333333336,-71.08860666666666,1.1,4689483.591943207,327942.96929020644,19,T
1664214215.4677143,0,63816,0,GPS1_Frame1,42.338593333333336,-71.08860666666666,1.1,4689483.591943207,327942.96929020644,19,T
1664214216.4890015,0,63817,0,GPS1_Frame1,42.338593333333336,-71.08860666666666,1.0,4689483.591943207,327942.96929020644,19,T
1664214217.469749,0,63818,0,GPS1_Frame1,42.338593333333336,-71.08860666666666,1.2,4689483.591943207,327942.96929020644,19,T
1664214218.4673114,0,63819,0,GPS1_Frame1,42.338593333333336,-71.08860666666666,1.2,4689483.591943207,327942.96929020644,19,T
1664214219.4683883,0,63820,0,GPS1_Frame1,42.338593333333336,-71.08860666666666,1.2,4689483.591943207,327942.96929020644,19,T
1664214220.4848592,0,63821,0,GPS1_Frame1,42.338593333333336,-71.08860666666666,1.2,4689483.591943207,327942.96929020644,19,T
1664214221.4672463,0,63822,0,GPS1_Frame1,42.338591666666666,-71.08860833333334,1.0,4689483.410245064,327942.8274405721,19,T
1664214222.4886713,0,63823,0,GPS1_Frame1,42.338591666666666,-71.08860833333334,1.0,4689483.410245064,327942.8274405721,19,T
1664214223.4684598,0,63824,0,GPS1_Frame1,42.338591666666666,-71.08860833333334,1.0,4689483.410245064,327942.8274405721,19,T
1664214224.4677317,0,63825,0,GPS1_Frame1,42.338591666666666,-71.08860833333334,1.0,4689483.410245064,327942.8274405721,19,T
1664214225.4695983,0,63826,0,GPS1_Frame1,42.338591666666666,-71.08860833333334,1.0,4689483.410245064,327942.8274405721,19,T
1664214226.468483,0,63827,0,GPS1_Frame1,42.338591666666666,-71.08860833333334,1.0,4689483.410245064,327942.8274405721,19,T
1664214227.4688478,0,63828,0,GPS1_Frame1,42.338591666666666,-71.08860833333334,1.0,4689483.410245064,327942.8274405721,19,T
1664214228.4698625,0,63829,0,GPS1_Frame1,42.338591666666666,-71.08860833333334,1.0,4689483.410245064,327942.8274405721,19,T
1664214229.4685225,0,63830,0,GPS1_Frame1,42.338591666666666,-71.08860833333334,1.0,4689483.410245064,327942.8274405721,19,T
1664214230.468632,0,63831,0,GPS1_Frame1,42.338591666666666,-71.08860833333334,1.0,4689483.410245064,327942.8274405721,19,T
